{
    "loss": 34.91548156738281,
    "accuracy": 0.951860249042511
}