{
    "loss": 1.1758503913879395,
    "accuracy": 0.8854361176490784
}